{
	"description": "项目配置文件",
	"packOptions": {
		"ignore": []
	},
	"setting": {
		"urlCheck": false,
		"es6": true,
		"postcss": true,
		"minified": true,
		"newFeature": true,
		"autoAudits": false,
		"checkInvalidKey": true
	},
	"compileType": "miniprogram",
	"libVersion": "2.6.2",
	"appid": "wxcdf1a5f2213a94bc",
	"projectname": "%E9%9F%A9%E5%9B%BD%E8%89%BA%E5%8C%A0",
	"debugOptions": {
		"hidedInDevtools": []
	},
	"isGameTourist": false,
	"simulatorType": "wechat",
	"simulatorPluginLibVersion": {},
	"condition": {
		"search": {
			"current": -1,
			"list": []
		},
		"conversation": {
			"current": -1,
			"list": []
		},
		"plugin": {
			"current": -1,
			"list": []
		},
		"game": {
			"currentL": -1,
			"list": []
		},
		"miniprogram": {
			"current": 3,
			"list": [
				{
					"id": -1,
					"name": "tx_detail",
					"pathName": "pages/tx_detail/tx_detail",
					"query": "",
					"scene": null
				},
				{
					"id": -1,
					"name": "caseDetail",
					"pathName": "pages/caseDetail/caseDetail",
					"query": "",
					"scene": null
				},
				{
					"id": -1,
					"name": "success",
					"pathName": "pages/success/success",
					"query": "",
					"scene": null
				},
				{
					"id": -1,
					"name": "tx",
					"pathName": "pages/tx/tx",
					"scene": null
				}
			]
		}
	}
}