{"appid":"16752390","editor":{"curPath":"D:\\project\\韩国艺匠\\hgyj_miniPrograme\\韩国艺匠百度小程序\\components\\bottom_btn\\bottom_btn.swan","expands":["D:\\project\\韩国艺匠\\hgyj_miniPrograme\\韩国艺匠百度小程序\\pages","D:\\project\\韩国艺匠\\hgyj_miniPrograme\\韩国艺匠百度小程序\\pages\\home","D:\\project\\韩国艺匠\\hgyj_miniPrograme\\韩国艺匠百度小程序\\pages\\caseDetail","D:\\project\\韩国艺匠\\hgyj_miniPrograme\\韩国艺匠百度小程序\\components","D:\\project\\韩国艺匠\\hgyj_miniPrograme\\韩国艺匠百度小程序\\components\\verticle_list","D:\\project\\韩国艺匠\\hgyj_miniPrograme\\韩国艺匠百度小程序\\components\\module","D:\\project\\韩国艺匠\\hgyj_miniPrograme\\韩国艺匠百度小程序\\pages\\tx","D:\\project\\韩国艺匠\\hgyj_miniPrograme\\韩国艺匠百度小程序\\pages\\h5","D:\\project\\韩国艺匠\\hgyj_miniPrograme\\韩国艺匠百度小程序\\utils","D:\\project\\韩国艺匠\\hgyj_miniPrograme\\韩国艺匠百度小程序\\components\\bottom_btn","D:\\project\\韩国艺匠\\hgyj_miniPrograme\\韩国艺匠百度小程序\\components\\modal"],"markdownUploadTimeMap":{},"paths":["D:\\project\\韩国艺匠\\hgyj_miniPrograme\\韩国艺匠百度小程序\\components\\bottom_btn\\bottom_btn.swan","D:\\project\\韩国艺匠\\hgyj_miniPrograme\\韩国艺匠百度小程序\\components\\modal\\modal.swan","D:\\project\\韩国艺匠\\hgyj_miniPrograme\\韩国艺匠百度小程序\\utils\\apiHost.js","D:\\project\\韩国艺匠\\hgyj_miniPrograme\\韩国艺匠百度小程序\\pages\\home\\home.swan","D:\\project\\韩国艺匠\\hgyj_miniPrograme\\韩国艺匠百度小程序\\pages\\h5\\h5.swan","D:\\project\\韩国艺匠\\hgyj_miniPrograme\\韩国艺匠百度小程序\\components\\bottom_btn\\bottom_btn.js"],"recentlyFiles":["D:\\project\\韩国艺匠\\hgyj_miniPrograme\\韩国艺匠百度小程序\\components\\bottom_btn\\bottom_btn.swan","D:\\project\\韩国艺匠\\hgyj_miniPrograme\\韩国艺匠百度小程序\\utils\\apiHost.js","D:\\project\\韩国艺匠\\hgyj_miniPrograme\\韩国艺匠百度小程序\\components\\bottom_btn\\bottom_btn.js","D:\\project\\韩国艺匠\\hgyj_miniPrograme\\韩国艺匠百度小程序\\components\\modal\\modal.swan","D:\\project\\韩国艺匠\\hgyj_miniPrograme\\韩国艺匠百度小程序\\project.config.json","D:\\project\\韩国艺匠\\hgyj_miniPrograme\\韩国艺匠百度小程序\\pages\\h5\\h5.swan","D:\\project\\韩国艺匠\\hgyj_miniPrograme\\韩国艺匠百度小程序\\pages\\home\\home.swan","D:\\project\\韩国艺匠\\hgyj_miniPrograme\\韩国艺匠百度小程序\\pages\\home\\home.js","D:\\project\\韩国艺匠\\hgyj_miniPrograme\\韩国艺匠百度小程序\\components\\bottom_btn\\bottom_btn.json","D:\\project\\韩国艺匠\\hgyj_miniPrograme\\韩国艺匠百度小程序\\components\\modal\\modal.js","D:\\project\\韩国艺匠\\hgyj_miniPrograme\\韩国艺匠百度小程序\\components\\modal\\modal.json","D:\\project\\韩国艺匠\\hgyj_miniPrograme\\韩国艺匠百度小程序\\components\\bottom_btn\\bottom_btn.css","D:\\project\\韩国艺匠\\hgyj_miniPrograme\\韩国艺匠百度小程序\\components\\verticle_list\\verticle_list.js","D:\\project\\韩国艺匠\\hgyj_miniPrograme\\韩国艺匠百度小程序\\pages\\h5\\h5.json","D:\\project\\韩国艺匠\\hgyj_miniPrograme\\韩国艺匠百度小程序\\components\\verticle_list\\verticle_list.swan","D:\\project\\韩国艺匠\\hgyj_miniPrograme\\韩国艺匠百度小程序\\pages\\tx\\tx.swan","D:\\project\\韩国艺匠\\hgyj_miniPrograme\\韩国艺匠百度小程序\\pages\\tx\\tx.js","D:\\project\\韩国艺匠\\hgyj_miniPrograme\\韩国艺匠百度小程序\\pages\\home\\home.json","D:\\project\\韩国艺匠\\hgyj_miniPrograme\\韩国艺匠百度小程序\\pages\\home\\home.css","D:\\project\\韩国艺匠\\hgyj_miniPrograme\\韩国艺匠百度小程序\\app.js"]},"host":"baiduboxapp","preview":{"packageId":179236},"publish":{"version":"1.0.10.0"},"setting":{"urlCheck":true},"swan":{"baiduboxapp":{"extensionJsVersion":"1.3.3","swanJsVersion":"3.80.6"}}}